First Sparks,achievement-icons-padded/first-sparks.png
Relay Runner,achievement-icons-padded/relay-runner.png
Beyond the Snowline,achievement-icons-padded/beyond-snowline.png
Long Haul,achievement-icons-padded/long-haul.png
Halfway to Safety,achievement-icons-padded/halfway-to-safety.png
Safe Haven,achievement-icons-padded/safe-haven.png
It Says Endless Huh?,achievement-icons-padded/endless-500.png
Relay Keeper,achievement-icons-padded/relay-keeper.png
Building Inspector,achievement-icons-padded/building-inspector.png
Topped Off,achievement-icons-padded/topped-off.png
Full System,achievement-icons-padded/full-system.png
Bone Dry,achievement-icons-padded/bone-dry.png
Against the Wind,achievement-icons-padded/against-wind.png
Tailwind,achievement-icons-padded/tailwind.png
Weathered Road,achievement-icons-padded/weathered-road.png
